
statement error 1102
SELECT ELT(0, 'a', 'b', 'c')

query T
SELECT ELT(1, 'a', 'b', 'c')
----
a

query T
SELECT ELT(2, 'a', 'b', 'c')
----
b

query T
SELECT ELT(3, 'a', 'b', 'c')
----
c


statement error 1102
SELECT ELT(4, 'a', 'b', 'c')

query T
SELECT ELT(number+1, 'a', 'b', to_varchar(number * 10)) FROM numbers(3) ORDER BY number
----
a
b
20

