statement ok
CREATE DATABASE IF NOT EXISTS data_type

statement ok
USE data_type

statement ok
DROP TABLE IF EXISTS t

statement ok
CREATE TABLE t(tiny TINYINT, tiny_unsigned TINYINT UNSIGNED)

statement ok
INSERT INTO t VALUES (-1, -1)

query II
SELECT * FROM t
----
-1 255

query I
SELECT sum(tiny) FROM t GROUP BY tiny
----
-1

statement ok
TRUNCATE TABLE t

statement ok
INSERT INTO t VALUES (-129, -1)

query II
SELECT * FROM t
----
127 255

statement ok
TRUNCATE TABLE t

statement ok
INSERT INTO t VALUES (128, 256)

query II
SELECT * FROM t
----
-128 0

statement ok
DROP DATABASE data_type

