query I
select * from numbers(100) where number > 95
----
96
97
98
99

query B
select count(*) > 0 from system.query_log
----
1

statement ok
drop table if exists tbl_01_0002 all

statement ok
create table tbl_01_0002(a int)

statement ok
insert into  tbl_01_0002 values(1)

# TODO sometimes get empty result
# query I
# select written_rows from system.query_log where query_text='insert into  tbl_01_0002 values(1)' and written_rows != 0

# ----
# 1

statement ok
insert into  tbl_01_0002 values(2)

query I
select count(*) from tbl_01_0002 where a > 1
----
1

# TODO sometimes get 0 here
# query I
# select count(1) from system.query_log where query_text='select count(*) from tbl_01_0002 where a > 1' and scan_partitions = 1 and total_partitions = 2

# ----
# 1

statement ok
drop table tbl_01_0002

