statement ok
drop table if exists default.t;

statement ok
create table default.t(id int);

statement ok
DROP DATABASE IF EXISTS COLUMNTEST

statement ok
CREATE DATABASE COLUMNTEST

statement ok
CREATE TABLE COLUMNTEST.A(ID INT, ID2 INT DEFAULT 1, ID3 STRING, ID4 STRING DEFAULT 'ID4')

statement ok
CREATE TABLE COLUMNTEST.T(TID INT, TID2 INT DEFAULT 1, TID3 STRING, TID4 STRING DEFAULT 'ID4')

statement ok
SELECT lower(database), name, type, default_kind as default_type, default_expression, comment FROM system.columns  WHERE database LIKE 'columntest'

statement ok
SELECT lower(database), name FROM system.columns  WHERE table LIKE 'views'

query TT
SELECT lower(database), name FROM system.columns  WHERE table = 't' or database='columntest' order by name
----
columntest id
default id
columntest id2
columntest id3
columntest id4
columntest tid
columntest tid2
columntest tid3
columntest tid4

query TT
SELECT lower(database), name FROM system.columns  WHERE table = 't' and database='columntest' order by name
----
columntest tid
columntest tid2
columntest tid3
columntest tid4

statement ok
drop table default.t;

statement ok
DROP DATABASE COLUMNTEST
