statement ok
DROP DATABASE IF EXISTS db1

statement ok
CREATE DATABASE db1

statement ok
USE db1

statement ok
CREATE TABLE IF NOT EXISTS t1(id Int, m Map(Int64, String)) Engine = Fuse

statement ok
INSERT INTO t1 (id, m) VALUES(1, {100:'abc',200:'def'}),(2, {300:'mn'}),(3, {});

query IT
select * from t1
----
1 {100:'abc',200:'def'}
2 {300:'mn'}
3 {}

statement error 1001
INSERT INTO t1 (id, m) VALUES(1, {100:'k1',100:'k2'})

statement ok
CREATE TABLE IF NOT EXISTS t2(id Int, m Map(String, Array(Date))) Engine = Fuse

statement ok
INSERT INTO t2 (id, m) VALUES(1, {'k1':['2020-01-01','2021-01-02'],'k2':['2022-01-01']}),(2, {'k3':['2023-01-01']})

query IT
select * from t2
----
1 {'k1':['2020-01-01','2021-01-02'],'k2':['2022-01-01']}
2 {'k3':['2023-01-01']}

statement error 1001
CREATE TABLE IF NOT EXISTS t3(id Int, m Map(Array(Date), String)) Engine = Fuse

statement ok
DROP DATABASE db1
