statement ok
DROP DATABASE IF EXISTS db1

statement ok
CREATE DATABASE db1

statement ok
USE db1

statement ok
CREATE TABLE IF NOT EXISTS t1(a UInt8, b UInt64, c Int8, d Int64, e Date, f Date, g DateTime, h String) Engine = Fuse

statement ok
CREATE TABLE IF NOT EXISTS t2(a String, b String, c String, d String, e String, f String, g String, h String) Engine = Fuse

statement ok
CREATE TABLE IF NOT EXISTS t3(a String, b String, c String, d String) Engine = Fuse

statement error 1006
INSERT INTO t1 (a,b,c,d,e) select * from t3

statement error 1006
INSERT INTO t1 (a,b,c,d,e) select a,b,c from t3

statement ok
INSERT INTO t2 (a,b,c,d,e,f,g,h) VALUES('1','2','3','4','2021-08-15', '2021-09-15', '2021-08-15 10:00:00', 'string1234'), ('5','6','7','8','2021-10-15', '2021-11-15', '2021-11-15 10:00:00', 'string5678')

statement ok
INSERT INTO t1 (a,b,c,d,e,f,g,h) select * from t2

query IIIITTTT
SELECT * FROM t1
----
1 2 3 4 2021-08-15 2021-09-15 2021-08-15 10:00:00.000000 string1234
5 6 7 8 2021-10-15 2021-11-15 2021-11-15 10:00:00.000000 string5678

statement ok
DROP TABLE t1

statement ok
DROP TABLE t2

statement ok
DROP TABLE t3

statement ok
create table t1 as select t.number as a from numbers(1) t, numbers(1) t1

query I
select * from t1
----
0

statement ok
create table t2 as select * from numbers(1) union all select * from numbers(1)

query I
select * from t2
----
0
0

statement ok
DROP TABLE t1

statement ok
DROP TABLE t2

statement ok
CREATE TABLE base_table(a Int32)

statement ok
CREATE TABLE aggregate_table(b Int32)

statement ok
INSERT INTO base_table VALUES(1),(2),(3),(4),(5),(6)

statement ok
INSERT INTO aggregate_table SELECT SUM(a) FROM base_table GROUP BY a%3

query I
SELECT * FROM aggregate_table ORDER BY b
----
5
7
9

statement ok
DROP TABLE base_table

statement ok
DROP TABLE aggregate_table

statement ok
DROP DATABASE db1
