statement ok
DROP DATABASE IF EXISTS db1

statement ok
CREATE DATABASE db1

statement ok
USE db1

statement ok
CREATE TABLE IF NOT EXISTS t1(a UInt32, b UInt64, c String) Engine = fuse

statement ok
INSERT INTO t1 (a,b,c) values ( 1.00, 1, '1' ), (2, 2.000, '"2"-"2"'), (3, 3.000, 'abc:\')abc')

query IIT
SELECT * FROM t1
----
1 1 1
2 2 "2"-"2"
3 3 abc:')abc

query I
SELECT sum(a) from t1
----
6

query I
SELECT sum(b) from t1
----
6

statement ok
CREATE TABLE IF NOT EXISTS t2(a Boolean, b Timestamp, c Date) Engine = fuse

statement ok
INSERT INTO t2 (a,b,c) values(true, '2021-09-07 21:38:35.000000', '2021-09-07'), (false, 1631050715000000, 18877)

query BTT
SELECT * FROM t2
----
1 2021-09-07 21:38:35.000000 2021-09-07
0 2021-09-07 21:38:35.000000 2021-09-07



statement ok
CREATE TABLE IF NOT EXISTS t3(a Boolean, b Timestamp, c Date) Engine = fuse STORAGE_FORMAT = 'native';

statement ok
INSERT INTO t3 (a,b,c) values(true, '2021-09-07 21:38:35.000000', '2021-09-07'), (false, 1631050715000000, 18877);

query BTT
SELECT * FROM t3 order by a desc;
----
1 2021-09-07 21:38:35.000000 2021-09-07
0 2021-09-07 21:38:35.000000 2021-09-07


statement ok
INSERT INTO t3 (b) select to_timestamp(number) from numbers(1000);

statement ok
INSERT INTO t3 (b) select to_timestamp(number) from numbers(1000);

statement ok
INSERT INTO t3 (b) select to_timestamp(number) from numbers(1000);

query TI
SELECT max(b), count(1) from t3;
----
2021-09-07 21:38:35.000000 3002

statement ok
create table t4(number String);

statement ok
insert into t4 select number * 3 from numbers(100);

statement ok
insert into t4 select number * 2 from numbers(100);

statement ok
insert into t4 select number * 5 from numbers(100);

query T
select * from t4 where number = '15' limit 1;
----
15


statement ok
DROP TABLE t1

statement ok
DROP TABLE t2

statement ok
DROP TABLE t3

statement ok
DROP TABLE t4

# Table Compression:None
statement ok
CREATE TABLE IF NOT EXISTS t_compression_none(a Boolean, b Timestamp, c Date) Engine = fuse  COMPRESSION = 'NONE';

statement ok
INSERT INTO t_compression_none (a,b,c) values(true, '2021-09-07 21:38:35.000000', '2021-09-07'), (false, 1631050715000000, 18877);

query BTT
SELECT * FROM t_compression_none order by a desc;
----
1 2021-09-07 21:38:35.000000 2021-09-07
0 2021-09-07 21:38:35.000000 2021-09-07

statement ok
DROP TABLE t_compression_none

# Table Compression:ZSTD

statement ok
CREATE TABLE IF NOT EXISTS t_compression_zstd(a Boolean, b Timestamp, c Date) Engine = fuse COMPRESSION = 'ZSTD';

statement ok
INSERT INTO t_compression_zstd (a,b,c) values(true, '2021-09-07 21:38:35.000000', '2021-09-07'), (false, 1631050715000000, 18877);

query BTT
SELECT * FROM t_compression_zstd order by a desc;
----
1 2021-09-07 21:38:35.000000 2021-09-07
0 2021-09-07 21:38:35.000000 2021-09-07

statement ok
DROP TABLE t_compression_zstd
