query I
select unnest([]::array(int));
----

query I
select unnest([1,2,3]);
----
1
2
3

query I
select unnest([1,2,3]) + 1;
----
2
3
4

query II
select unnest([1,2,3]), number from numbers(1);
----
1 0
2 0
3 0

query II
select unnest([1,2,3]), number from numbers(2);
----
1 0
2 0
3 0
1 1
2 1
3 1

query II
select unnest([1,2,3]), number, unnest([1,2,3]) + number from numbers(2);
----
1 0 1
2 0 2
3 0 3
1 1 2
2 1 3
3 1 4

statement ok
DROP DATABASE IF EXISTS db_02_0062;

statement ok
CREATE DATABASE IF NOT EXISTS db_02_0062;

statement ok
USE db_02_0062;

statement ok
create table t (a array(int));

statement ok
insert into t values ([1,2]), ([3,4,5]);

query I
select unnest(a) from t;
----
1
2
3
4
5

query IT
select unnest(a), a from t;
----
1 [1,2]
2 [1,2]
3 [3,4,5]
4 [3,4,5]
5 [3,4,5]

query II
select unnest([1,2,3]), unnest([3,4,5]);
----
1 3
2 4
3 5

query I
select unnest([1,2,3]) + unnest([3,4,5]);
----
4
6
8

query IT
select unnest([1,2,3]), unnest([3]);
----
1 3
2 NULL
3 NULL

query T
select unnest([1,2,3]) + unnest([3]);
----
4
NULL
NULL

query IIT
select unnest([1,2,3]), number, unnest([3]) from numbers(2);
----
1 0 3
2 0 NULL
3 0 NULL
1 1 3
2 1 NULL
3 1 NULL

query ITT
select unnest(a), a, unnest([1,2,3]) from t;
----
1 [1,2] 1
2 [1,2] 2
NULL [1,2] 3
3 [3,4,5] 1
4 [3,4,5] 2
5 [3,4,5] 3

statement ok
drop table t;

statement ok
create table t (a array(int));

statement ok
insert into t values ([1,2])

statement ok
insert into t values ([3,4,5])

query I
select unnest(a) as ua from t order by ua;
----
1
2
3
4
5

query IT
select unnest(a) as ua, a from t order by ua;
----
1 [1,2]
2 [1,2]
3 [3,4,5]
4 [3,4,5]
5 [3,4,5]

query ITI
select unnest(a) + 1 as ua, a from t order by ua;
----
2 [1,2]
3 [1,2]
4 [3,4,5]
5 [3,4,5]
6 [3,4,5]

statement ok
drop table t;

# Unnest deeply nested arrays.

query I
select unnest([[1,2], [3,4,5]]);
----
1
2
3
4
5

query I
select unnest([[[1,2], [3,4]], [[5,6], [7,8,9]]]);
----
1
2
3
4
5
6
7
8
9

query II
select unnest([[1,2], [3,4,5]]), number from numbers(2);
----
1 0
2 0
3 0
4 0
5 0
1 1
2 1
3 1
4 1
5 1

statement ok
create table t (a array(array(int))) ENGINE=Memory;

statement ok
insert into t values([[1,2], [3,4]]), ([[5,6], [7,8,9]]);

query I
select unnest(a) from t;
----
1
2
3
4
5
6
7
8
9

query I
select 1 + unnest(a) from t;
----
2
3
4
5
6
7
8
9
10

query IT
select unnest(a), a from t;
----
1 [[1,2],[3,4]]
2 [[1,2],[3,4]]
3 [[1,2],[3,4]]
4 [[1,2],[3,4]]
5 [[5,6],[7,8,9]]
6 [[5,6],[7,8,9]]
7 [[5,6],[7,8,9]]
8 [[5,6],[7,8,9]]
9 [[5,6],[7,8,9]]

statement ok
drop table t;

statement ok
DROP DATABASE db_02_0062;

# Test table function

query I
select * from unnest([1,2,3]);
----
1
2
3

query I
select * from unnest([[1,2], [3,4,5]]);
----
1
2
3
4
5

query I
select * from unnest([[[1,2], [3,4]], [[5,6], [7,8,9]]]);
----
1
2
3
4
5
6
7
8
9