statement ok
DROP DATABASE IF EXISTS array_func_test

statement ok
CREATE DATABASE IF NOT EXISTS array_func_test

statement ok
USE array_func_test

statement ok
DROP TABLE IF EXISTS t

statement ok
create table t(col1 Array(Int Null), col2 Array(String), col3 Array(Date), col4 Array(Timestamp), col5 Array(Array(Int null)))

statement ok
insert into t values([1,2,3,3],['x','x','y','z'], ['2022-02-02'], ['2023-01-01 02:00:01'], [[1,2],[],[null]])

query T
select array_concat(col1, col5) from t
----
['1','2','3','3','[1,2]','[]','[null]']

query T
select array_concat(col1, col2) from t;
----
['1','2','3','3','"x"','"x"','"y"','"z"']

query T
select array_concat(col5, col2) from t;
----
['[1,2]','[]','[null]','"x"','"x"','"y"','"z"']

query T
select array_concat(col4, col3) from t;
----
['2023-01-01 02:00:01.000000','2022-02-02 00:00:00.000000']

query IIIIII
select array_indexof(col1,'2'), array_indexof(col1,2), array_indexof(col2,'x'), array_indexof(col3,'2022-02-02'), array_indexof(col4,'2023-01-01 02:00:02'), array_indexof(col5,[NULL]) from t
----
0 2 1 1 0 3

query I
select array_indexof([1,2,null,2,null], null)
----
3

query TTT
select array_remove_first(col1), array_remove_first(col2), array_remove_first(col3) from t
----
[2,3,3] ['x','y','z'] []

query TTT
select array_remove_last(col1), array_remove_last(col2), array_remove_last(col3) from t
----
[1,2,3] ['x','x','y'] []

query TTT
select array_prepend(0, col1), array_prepend('a', col2), array_prepend('2022-01-01', col3) from t
----
[0,1,2,3,3] ['a','x','x','y','z'] ['2022-01-01','2022-02-02']

query TTT
select array_append(col1, 4), array_append(col2, 'z'), array_append(col3, '2022-03-03') from t
----
[1,2,3,3,4] ['x','x','y','z','z'] ['2022-02-02','2022-03-03']

query III
select array_unique(col1), array_unique(col2), array_unique(col3) from t
----
3 3 1

query TTT
select array_distinct(col1), array_distinct(col2), array_distinct(col3) from t
----
[1,2,3] ['x','y','z'] ['2022-02-02']

query I
select array_sum(col1) from t
----
9

query T
select array_avg(col1) from t
----
2.25

query III
select array_count(col1), array_count(col2), array_count(col3) from t
----
4 4 1

query ITT
select array_max(col1), array_max(col2), array_max(col3) from t
----
3 z 2022-02-02

query ITT
select array_min(col1), array_min(col2), array_min(col3) from t
----
1 x 2022-02-02

statement ok
DROP DATABASE array_func_test
