query B
select as_boolean(parse_json('true'))
----
1



query B
select as_boolean(parse_json('false'))
----
0



query I
select as_integer(parse_json('123'))
----
123

query I
select as_integer(parse_json('456'))
----
456

query F
select as_float(parse_json('12.34'))
----
12.34

query F
select as_float(parse_json('56.78'))
----
56.78

query T
select as_string(parse_json('"abc"'))
----
abc

query T
select as_string(parse_json('"xyz"'))
----
xyz

query T
select as_array(parse_json('[1,2,3]'))
----
[1,2,3]

query T
select as_array(parse_json('["a","b","c"]'))
----
["a","b","c"]

query T
select as_object(parse_json('{"a":"b"}'))
----
{"a":"b"}

query T
select as_object(parse_json('{"k": 123}'))
----
{"k":123}

statement ok
DROP DATABASE IF EXISTS db1

statement ok
CREATE DATABASE db1

statement ok
USE db1

statement ok
CREATE TABLE IF NOT EXISTS t1(id Int null, v Variant null) Engine = Fuse

statement ok
insert into t1 select 1, parse_json('true')

statement ok
insert into t1 select 2, parse_json('123')

statement ok
insert into t1 select 3, parse_json('45.67')

statement ok
insert into t1 select 4, parse_json('"abc"')

statement ok
insert into t1 select 5, parse_json('[1,2,3]')

statement ok
insert into t1 select 6, parse_json('{"a":"b"}')

query ITBIFTTT
select id, v, as_boolean(v), as_integer(v), as_float(v), as_string(v), as_array(v), as_object(v) from t1 order by id asc
----
1 true 1 NULL NULL NULL NULL NULL
2 123 NULL 123 123.0 NULL NULL NULL
3 45.67 NULL NULL 45.67 NULL NULL NULL
4 "abc" NULL NULL NULL abc NULL NULL
5 [1,2,3] NULL NULL NULL NULL [1,2,3] NULL
6 {"a":"b"} NULL NULL NULL NULL NULL {"a":"b"}

statement ok
DROP DATABASE db1

