query T
SELECT CHAR(NULL)
----
NULL

query T
SELECT CHAR(97, NULL)
----
NULL

query T
SELECT CHAR(97)
----
a

## 0x6161
query T
SELECT CHAR(24929)
----
a

query T
SELECT CHAR(77,121,83,81,76)
----
MySQL

query T
SELECT CHAR(77,77.3,77)
----
MMM

query T
SELECT char(0xD0, 0xBF, 0xD1, 0x80, 0xD0, 0xB8, 0xD0, 0xB2, 0xD0, 0xB5, 0xD1, 0x82) AS hello
----
привет

query T
SELECT char(-48,-65,-47,-128,-48,-72,-48,-78,-48,-75,-47,-126) AS hello
----
привет

query T
SELECT char(0xe4, 0xbd, 0xa0, 0xe5, 0xa5, 0xbd) AS hello
----
你好

statement ok
drop database if exists db1

statement ok
create database if not exists db1

statement ok
create table db1.t as SELECT CHAR(77,121,83,81,76) AS hello

query T
select * from db1.t
----
MySQL

statement ok
drop database db1

