query I
SELECT FIND_IN_SET('a', 'a')
----
1

query I
SELECT FIND_IN_SET('a', ',a')
----
2

query I
SELECT FIND_IN_SET('a', 'a,')
----
1

query I
SELECT FIND_IN_SET('a', ',,a,')
----
3

query I
SELECT FIND_IN_SET('a', '1,2,a,4,5')
----
3

query I
SELECT FIND_IN_SET('a', '1,2,a,4,5')
----
3

query I
SELECT FIND_IN_SET('a', '1,2,a,')
----
3

query I
SELECT FIND_IN_SET('a', ',1,2,a')
----
4

query I
SELECT FIND_IN_SET('ab', '1,2,ab,3,4,5')
----
3

query I
SELECT FIND_IN_SET('ab', '1,2,ab,')
----
3

query I
SELECT FIND_IN_SET('ab', '1,2,ab')
----
3

query I
SELECT FIND_IN_SET('ab', ',ab')
----
2

query I
SELECT FIND_IN_SET('ab', 'ab')
----
1

query I
SELECT FIND_IN_SET('3', to_varchar(number))  FROM numbers(5) ORDER BY number
----
0
0
0
1
0

query I
SELECT FIND_IN_SET(to_varchar(number), '1,2,3,4,5')  FROM numbers(5) ORDER BY number
----
0
1
2
3
4

query T
SELECT FIND_IN_SET(NULL, NULL)
----
NULL

query T
SELECT FIND_IN_SET('abc', NULL)
----
NULL

query T
SELECT FIND_IN_SET(NULL, 'abc,cdf')
----
NULL

