## # non-grouping column error
statement error must appear in the GROUP BY clause or be used in an aggregate function
select number from numbers(10) group by number+1

statement error must appear in the GROUP BY clause or be used in an aggregate function
select count(number) from numbers(10) group by number+1 having number = 1

query I
select number +1 from numbers(1) group by number+1
----
1

query I
select count(*) from numbers(10)
----
10


query I
select (count(1) > 1)::int from numbers(10)
----
1

statement ok
drop table if exists t

statement ok
create table t(a int, b int)

statement ok
insert into t values(1, 1), (1, 2), (2, 1), (2, 2)

query II
select a, sum(sum) as sum from (select a, sum(a) as sum from t group by a, b) as t group by a order by a
----
1	2
2	4

statement ok
drop table t
