statement ok
drop database if exists db


statement ok
drop table if exists default.t


statement ok
drop table if exists default.t1


statement ok
create table default.t (id int, c1 tuple(int, int))


statement ok
create table default.t1 (id int, c2 tuple(int, int))


statement ok
create database db


statement ok
create table db.t (id int, c1 tuple(int, int))


statement ok
create table db.t1 (id int, c1 tuple(int, int))


statement ok
create table db.t2 (id2 int, c1 tuple(int, int))


statement ok
insert into db.t(id) values(1)


statement ok
insert into db.t1(id) values(2)


statement ok
insert into db.t2(id2) values(3)


statement ok
insert into default.t values(1, (100,100))


statement ok
insert into default.t1 values(2, (200,200))


query I
select * exclude c1 from db.t
----
1


query T
select * exclude (id) from db.t
----
(0,0)


query T
select t.* exclude (id) from db.t
----
(0,0)


query T
select db.t.* exclude (id) from db.t
----
(0,0)


statement error 1065
select db.t.* exclude (id, c1) from db.t


query T
select c.* exclude (id) from db.t as c
----
(0,0)


statement error 1065
select db.c.* exclude (id) from db.t as c


statement error 1065
select * exclude id from (select t.id as id, t.c1 as id from db.t) t1


statement error 1065
select t1.* exclude id from (select t.id as id, t.c1 as id from db.t) t1


query ITITITIIT
select *, t.* exclude c1, t1.* exclude (c1), t2.* exclude id from db.t join db.t1 on t.id != t1.id join default.t as t2 on t.id=t2.id
----
1 (0,0)    2 (0,0)    1 (100,100)    1    2 (100,100)


query IT
select db.t.* exclude (c1), default.t1.* exclude id from db.t join default.t1
----
1 (200,200)


statement error 1065
select * exclude id from default.t1 join db.t


statement error 1065
select db.t.* exclude (c1), default.t1.* exclude idcc from db.t join default.t1


statement error 1065
select * exclude c10 from (select * from db.t) t1


statement error 1065
select * exclude (id, c1) from (select * from db.t) t1


statement error 1065
select t1.* exclude (id, c1) from (select * from db.t) t1


statement error 1065
select * exclude (c1, c1) from db.t


statement error 1065
select * exclude (id, id) from db.t


statement ok
drop database if exists db


statement ok
drop table default.t


statement ok
drop table default.t1