statement ok
DROP DATABASE IF EXISTS db1

statement ok
CREATE DATABASE db1

statement ok
USE db1

statement ok
CREATE TABLE IF NOT EXISTS t09_0015(a int, b int)

statement ok
ALTER TABLE t09_0015 CLUSTER BY(b,a)

statement ok
INSERT INTO t09_0015 VALUES(0,3),(1,1)

statement ok
INSERT INTO t09_0015 VALUES(1,3),(2,1)

statement ok
INSERT INTO t09_0015 VALUES(4,4)

query II
SELECT * FROM t09_0015 ORDER BY b,a
----
1 1
2 1
0 3
1 3
4 4

query TIIFFT
select * from clustering_information('db1','t09_0015')
----
(b, a) 3 1 0.6667 1.6667 {"00001":1,"00002":2}

statement ok
ALTER TABLE t09_0015 DROP CLUSTER KEY

statement error 1081
ALTER TABLE t09_0015 CLUSTER BY(rand()+a)

statement ok
DROP TABLE t09_0015

statement ok
DROP DATABASE db1

