

statement ok
DROP DATABASE IF EXISTS db1

statement ok
CREATE DATABASE db1

statement ok
USE db1

statement ok
CREATE TABLE IF NOT EXISTS t1(a UInt32, b UInt64, c String) Engine = fuse

statement ok
INSERT INTO t1 (a,b,c) values ( 1.00, 1, '1' ), (2, 2.000, '"2"-"2"')

query IIT
SELECT * FROM t1
----
1 1 1
2 2 "2"-"2"

query I
SELECT sum(a) from t1
----
3

query I
SELECT sum(b) from t1
----
3

statement ok
CREATE TABLE IF NOT EXISTS t2(a Boolean, b Timestamp, c Date) Engine = fuse

statement ok
INSERT INTO t2 (a,b,c) values(true, '2021-09-07 21:38:35.000000', '2021-09-07'), (false, 1631050715000000, 18877)

query BTT
SELECT * FROM t2
----
1 2021-09-07 21:38:35.000000 2021-09-07
0 2021-09-07 21:38:35.000000 2021-09-07

statement ok
DROP TABLE t1

statement ok
DROP TABLE t2

