statement ok
DROP DATABASE IF EXISTS db_09_0016

statement ok
CREATE DATABASE db_09_0016

statement ok
USE db_09_0016

statement ok
create table t09_0016(a int, b int) cluster by(a+1)

statement ok
insert into t09_0016 values(1,1),(3,3)

statement ok
insert into t09_0016 values(2,2),(5,5)

statement ok
insert into t09_0016 values(4,4)

query TIIFFT
select * from clustering_information('db_09_0016','t09_0016')
----
((a + 1)) 3 1 1.3333 2.0 {"00002":3}

statement ok
ALTER TABLE t09_0016 RECLUSTER FINAL WHERE a != 4

query TIIFFT
select * from clustering_information('db_09_0016','t09_0016')
----
((a + 1)) 2 1 1.0 2.0 {"00002":2}

query II
select * from t09_0016 order by a
----
1 1
2 2
3 3
4 4
5 5

statement ok
DROP Table t09_0016

statement ok
DROP DATABASE db_09_0016

