statement ok
DROP USER IF EXISTS 'test-grant'@'localhost'

statement ok
DROP DATABASE IF EXISTS `db01`

statement ok
DROP ROLE IF EXISTS 'test-grant-role'

statement ok
CREATE DATABASE IF NOT EXISTS `db01`

statement ok
CREATE TABLE IF NOT EXISTS `db01`.`tb1` (id int)

statement ok
CREATE USER 'test-grant'@'localhost' IDENTIFIED BY 'password'

statement ok
GRANT SELECT ON * TO 'test-grant'@'localhost'

statement error 2201
GRANT SELECT ON * TO 'test-grant1'@'localhost'

statement ok
GRANT SELECT, CREATE ON * TO 'test-grant'@'localhost'

statement ok
GRANT ALL ON * TO 'test-grant'@'localhost'

statement ok
GRANT ALL PRIVILEGES ON * TO 'test-grant'@'localhost'

statement ok
GRANT SELECT ON db01.* TO 'test-grant'@'localhost'

statement ok
GRANT SELECT ON db01.tb1 TO 'test-grant'@'localhost'

statement ok
GRANT SELECT ON `db01`.`tb1` TO 'test-grant'@'localhost'

statement error 1025
GRANT SELECT ON db01.tbnotexists TO 'test-grant'@'localhost'

statement error 1003
GRANT SELECT ON dbnotexists.* TO 'test-grant'@'localhost'

onlyif mysql
query T
select current_user()
----
'root'@'127.0.0.1'

onlyif mysql
statement ok
set role 'public';

onlyif mysql
query T
select current_role()
----
public

onlyif mysql
query T
show roles
----
account_admin 0 0 1
public 0 1 0

query T
show grants for role 'public'
----
GRANT SELECT ON 'default'.'system'.'one' TO 'public'

query T
show grants for role 'account_admin'
----
GRANT ALL ON *.* TO 'account_admin'
GRANT SELECT ON 'default'.'system'.'one' TO 'account_admin'

query T
SHOW GRANTS FOR 'test-grant'@'localhost'
----
GRANT ALL ON 'default'.'default'.* TO 'test-grant'@'localhost'
GRANT SELECT ON 'default'.'db01'.* TO 'test-grant'@'localhost'
GRANT SELECT ON 'default'.'db01'.'tb1' TO 'test-grant'@'localhost'
GRANT SELECT ON 'default'.'system'.'one' TO 'test-grant'@'localhost'

statement ok
REVOKE SELECT ON db01.* FROM 'test-grant'@'localhost'

query T
SHOW GRANTS FOR 'test-grant'@'localhost'
----
GRANT ALL ON 'default'.'default'.* TO 'test-grant'@'localhost'
GRANT SELECT ON 'default'.'db01'.'tb1' TO 'test-grant'@'localhost'
GRANT SELECT ON 'default'.'system'.'one' TO 'test-grant'@'localhost'

statement ok
REVOKE ALL PRIVILEGES ON * FROM 'test-grant'@'localhost'

query T
SHOW GRANTS FOR 'test-grant'@'localhost'
----
GRANT SELECT ON 'default'.'db01'.'tb1' TO 'test-grant'@'localhost'
GRANT SELECT ON 'default'.'system'.'one' TO 'test-grant'@'localhost'

statement ok
CREATE ROLE 'test-grant-role'

statement ok
GRANT SELECT ON * TO ROLE 'test-grant-role'

statement error 2204
GRANT SELECT ON * TO ROLE 'test-grant-role1'

query T
SHOW GRANTS FOR ROLE 'test-grant-role'
----
GRANT SELECT ON 'default'.'default'.* TO 'test-grant-role'
GRANT SELECT ON 'default'.'system'.'one' TO 'test-grant-role'

statement ok
DROP ROLE 'test-grant-role'

statement ok
DROP USER 'test-grant'@'localhost'

statement ok
DROP DATABASE `db01`

