statement ok
USE default

statement ok
DROP TABLE IF EXISTS `05_0029_t0`

statement ok
CREATE TABLE IF NOT EXISTS `05_0029_t0`(a int) Engine = fuse STORAGE_FORMAT = 'native';

statement ok
INSERT INTO TABLE `05_0029_t0` values(1)

statement ok
ALTER TABLE `05_0029_t0` ADD COLUMN b float

statement ok
INSERT INTO TABLE `05_0029_t0` values(2, 1.0)

query IF
SELECT * FROM `05_0029_t0` order by a
----
1 0.0
2 1.0

statement ok
ALTER TABLE `05_0029_t0` ADD COLUMN c float default 102

statement ok
INSERT INTO TABLE `05_0029_t0` values(3, 2.0, 1.0)

query IFF
SELECT * FROM `05_0029_t0` order by a
----
1 0.0 102.0
2 1.0 102.0
3 2.0 1.0

statement ok
ALTER TABLE `05_0029_t0` drop COLUMN a

query FF
SELECT * FROM `05_0029_t0` order by b
----
0.0 102.0
1.0 102.0
2.0 1.0

statement ok
ALTER TABLE `05_0029_t0` drop COLUMN b

query FF
SELECT * FROM `05_0029_t0` order by c
----
1.0
102.0
102.0
