statement ok
USE default

statement ok
DROP TABLE IF EXISTS `05_0031_t`

statement ok
CREATE TABLE `05_0031_t`(a int, b int default 2)

statement error 1110
ALTER TABLE `05_0031_t` ADD COLUMN _row_id float

statement error 1110
CREATE TABLE `05_0031_t_1`(_row_id int)

statement ok
INSERT INTO TABLE `05_0031_t` (a) values(1),(2)

statement ok
INSERT INTO TABLE `05_0031_t` (a) values(3)

query I
SELECT _row_id FROM `05_0031_t` where b > 0 order by _row_id
----
0
1
4398046511104

query II
SELECT b,_row_id,a FROM `05_0031_t` order by _row_id
----
2 0 1
2 1 2
2 4398046511104 3

query II
SELECT a,_row_id FROM `05_0031_t` where _row_id = 0 
----
1 0

statement ok
DROP TABLE IF EXISTS `05_0031_t_1`

statement ok
CREATE TABLE `05_0031_t_1`(c int)

statement ok
INSERT INTO TABLE `05_0031_t_1` values(5),(6)

query II
SELECT a,`05_0031_t_1`._row_id FROM `05_0031_t` NATURAL JOIN `05_0031_t_1` order by a, `05_0031_t_1`._row_id;
----
1 0
1 1
2 0
2 1
3 0
3 1

# issue #11126
# ===============

statement ok
create table t_11126(a Int64)

statement ok
insert into t_11126 select * from numbers(100);

query II
select a, _row_id from t_11126 order by a desc limit 5;
----
99 99
98 98
97 97
96 96
95 95

statement ok
drop table t_11126

# ===============