statement ok
DROP TABLE IF EXISTS t

statement ok
CREATE TABLE t (k INT null, a INT null, b INT null)

statement ok
INSERT INTO t VALUES (1, NULL, NULL), (2, NULL, 1), (3, 1, NULL), (4, 2, 0), (5, 3, 3)

statement error 1006
SELECT a <> 2 AND 3 / b = 1 FROM t ORDER BY k

statement error 1006
SELECT a FROM t WHERE a <> 2 AND 3 / b = 1 ORDER BY k

statement error 1006
SELECT a = 2 OR 3 / b = 1 FROM t ORDER BY k

statement error 1006
SELECT a FROM t WHERE a = 2 OR 3 / b = 1 ORDER BY k

statement ok
truncate table t

statement ok
INSERT INTO t VALUES (1, NULL, NULL), (2, NULL, 1), (3, 1, NULL), (4, 2, 1), (5, 3, 3)

query T
SELECT a <> 2 AND 3 / b = 1 FROM t ORDER BY k
----
NULL
0
NULL
0
1

query I
SELECT a FROM t WHERE a <> 2 AND 3 / b = 1 ORDER BY k
----
3

query T
SELECT a = 2 OR 3 / b = 1 FROM t ORDER BY k
----
NULL
NULL
NULL
1
1

query I
SELECT a FROM t WHERE a = 2 OR 3 / b = 1 ORDER BY k
----
2
3

statement ok
DROP TABLE IF EXISTS t
